Name, Image, Price,PhanLoai,Quan jogger,Quan jean,Quan au,Ao thun nam,Ao khoac,Ao so mi,Ao hoodie
Quần jogger nam QGNTK208, https://360boutique.vn/wp-content/uploads/2022/01/QGNTK208-1-400x600.jpg, 450.000₫,1,1,0,0,0,0,0,0
Giày nam GIATK230, https://360boutique.vn/wp-content/uploads/2022/01/GIATK230-1-400x600.jpg, 550.000₫,2,0,0,0,0,0,0,0
Giày nam GIATK229, https://360boutique.vn/wp-content/uploads/2022/01/GIATK229-1-400x600.jpg, 790.000₫,2,0,0,0,0,0,0,0
Giày nam GIATK228, https://360boutique.vn/wp-content/uploads/2022/01/GIATK228-2-400x600.jpg, 750.000₫,2,0,0,0,0,0,0,0
Áo khoác nam ABZTK203, https://360boutique.vn/wp-content/uploads/2022/01/ABZTK203-1-400x600.jpg, 1.250.000₫,0,0,0,0,0,1,0,0
Quần jeans nam QJDTK235, https://360boutique.vn/wp-content/uploads/2021/12/QJDTK235-2-400x600.jpg, 560.000₫,1,0,1,0,0,0,0,0
Quần jeans nam QJDTK234, https://360boutique.vn/wp-content/uploads/2021/12/QJDTK234-2-400x600.jpg, 520.000₫,1,0,1,0,0,0,0,0
Quần jeans nam QJDTK233, https://360boutique.vn/wp-content/uploads/2021/12/QJDTK233-2-400x600.jpg, 520.000₫,1,0,1,0,0,0,0,0
Quần jeans nam QJDTK232, https://360boutique.vn/wp-content/uploads/2021/12/QJDTK232-1-400x600.jpg, 550.000₫,1,0,1,0,0,0,0,0
Quần jeans nam QJDTK231, https://360boutique.vn/wp-content/uploads/2021/12/QJDTK231-2-400x600.jpg, 550.000₫,1,0,1,0,0,0,0,0
Quần jeans nam QJDTK230, https://360boutique.vn/wp-content/uploads/2021/12/QJDTK230-1-400x600.jpg, 550.000₫,1,0,1,0,0,0,0,0
Quần jeans nam QJDTK228, https://360boutique.vn/wp-content/uploads/2021/12/QJDTK228-1-400x600.jpg, 550.000₫,1,0,1,0,0,0,0,0
Quần jeans nam QJDTK227, https://360boutique.vn/wp-content/uploads/2021/12/QJDTK227-1-400x600.jpg, 520.000₫,1,0,1,0,0,0,0,0
Áo sơ mi nam SKDTK253, https://360boutique.vn/wp-content/uploads/2021/12/SKDTK253-1-400x600.jpg, 1.250.000₫,0,0,0,0,0,0,1,0
Áo nỉ nam ANTTK214, https://360boutique.vn/wp-content/uploads/2021/12/ANTTK214-QGNTK208-1-400x600.jpg, 399.000₫,0,0,0,0,0,0,0,0
Áo nỉ nam ANTTK213, https://360boutique.vn/wp-content/uploads/2021/12/ANTTK213-QKLTK204-1-400x600.jpg, 379.000₫,0,0,0,0,0,0,0,0
Áo nỉ nam ANMTK215, https://360boutique.vn/wp-content/uploads/2021/12/ANMTK215-QKLTK204-6-400x600.jpg, 399.000₫,0,0,0,0,0,0,0,0
Áo nỉ nam ANHTK216, https://360boutique.vn/wp-content/uploads/2021/12/ANHTK216-QJDTK233-1-400x600.jpg, 420.000₫,0,0,0,0,0,0,0,0
Áo khoác nam AKHTK205, https://360boutique.vn/wp-content/uploads/2021/12/AKHTK205-QACTK2061-400x600.jpg, 950.000₫,0,0,0,0,0,1,0,0
Áo khoác nam AKHCN206, https://360boutique.vn/wp-content/uploads/2021/12/AKHCN206-QKLTK204-1-400x600.jpg, 1.050.000₫,0,0,0,0,0,1,0,0
Áo khoác nam AKBTK204, https://360boutique.vn/wp-content/uploads/2021/12/AKBTK204-QJDTK235-1-400x600.jpg, 550.000₫,0,0,0,0,0,1,0,0
Áo hoodie nam AHTTK211, https://360boutique.vn/wp-content/uploads/2021/12/AHHTK211-QGNTK208-1-400x600.jpg, 499.000₫,0,0,0,0,0,0,0,1
Quần jeans nam QJDTK226, https://360boutique.vn/wp-content/uploads/2021/12/QJDTK226-1-400x600.jpg, 550.000₫,1,0,1,0,0,0,0,0
Quần jeans nam QJDTK225, https://360boutique.vn/wp-content/uploads/2021/12/QJDTK225-1-400x600.jpg, 450.000₫,1,0,1,0,0,0,0,0
Quần jogger nam QGNTK206, https://360boutique.vn/wp-content/uploads/2021/12/QGNTK206-9-400x600.jpg, 420.000₫,1,1,0,0,0,0,0,0
QUẦN ÂU NAM QACTK206, https://360boutique.vn/wp-content/uploads/2021/12/QACTK206-3-400x600.jpg, 490.000₫,1,0,0,1,0,0,0,0
QUẦN ÂU NAM QACTK205, https://360boutique.vn/wp-content/uploads/2021/12/QACTK205-1-400x600.jpg, 490.000₫,1,0,0,1,0,0,0,0
Áo khoác nam KNMTK202, https://360boutique.vn/wp-content/uploads/2021/12/KNMTK202-1-400x600.jpg, 499.000₫,0,0,0,0,0,1,0,0
Quần jogger nam QGGTK205, https://360boutique.vn/wp-content/uploads/2021/12/GGTK205-1-400x600.jpg, 360.000₫,1,1,0,0,0,0,0,0
Áo nỉ nam ANHTK211, https://360boutique.vn/wp-content/uploads/2021/12/ANHTK211-1-400x600.jpg, 299.000₫,0,0,0,0,0,0,0,0
Áo nỉ nam ANHTK210, https://360boutique.vn/wp-content/uploads/2021/12/ANHTK210-1-1-400x600.jpg, 399.000₫,0,0,0,0,0,0,0,0
Áo len nam ALETK203, https://360boutique.vn/wp-content/uploads/2021/12/ALETK203-1-400x600.jpg, 320.000₫,0,0,0,0,0,0,0,0
Áo len nam ALETK202, https://360boutique.vn/wp-content/uploads/2021/12/ALETK202-1-400x600.jpg, 349.000₫,0,0,0,0,0,0,0,0
Áo hoodie nam AHTTK215, https://360boutique.vn/wp-content/uploads/2021/12/AHTTK215-1-400x600.jpg, 499.000₫,0,0,0,0,0,0,0,1
Áo hoodie nam AHHTK214, https://360boutique.vn/wp-content/uploads/2021/12/AHHTK214-1-400x600.jpg, 499.000₫,0,0,0,0,0,0,0,1
Áo hoodie nam AHHTK210, https://360boutique.vn/wp-content/uploads/2021/12/AHHTK210-13-400x600.jpg, 499.000₫,0,0,0,0,0,0,0,1
Áo sơ mi nam STDTK247, https://360boutique.vn/wp-content/uploads/2021/12/STDTK247-1-400x600.jpg, 395.000₫,0,0,0,0,0,0,1,0
Áo sơ mi nam STDTK242, https://360boutique.vn/wp-content/uploads/2021/12/STDTK242-1-400x600.jpg, 380.000₫,0,0,0,0,0,0,1,0
Áo sơ mi nam SKDTK252, https://360boutique.vn/wp-content/uploads/2021/12/SKDTK252-10-400x600.jpg, 1.050.000₫,0,0,0,0,0,0,1,0
Áo sơ mi nam SKDTK250, https://360boutique.vn/wp-content/uploads/2021/12/SKDTK250-1-400x600.jpg, 499.000₫,0,0,0,0,0,0,1,0
QUẦN KAKI NAM QKLTK204, https://360boutique.vn/wp-content/uploads/2021/12/QKLTK204-4-400x600.jpg, 390.000₫,1,0,0,0,0,0,0,0
Quần jogger nam QGNTK209, https://360boutique.vn/wp-content/uploads/2021/12/QGNTK209-1-400x600.jpg, 420.000₫,1,1,0,0,0,0,0,0
Quần jogger nam QGNTK108, https://360boutique.vn/wp-content/uploads/2021/12/QGNTK106-1-400x600.jpg, 299.000₫,1,1,0,0,0,0,0,0
Áo nỉ nam ANTTK212, https://360boutique.vn/wp-content/uploads/2021/12/ANTTK212-1-400x600.jpg, 390.000₫,0,0,0,0,0,0,0,0
Áo nỉ nam ANTTK209, https://360boutique.vn/wp-content/uploads/2021/12/ANTTK209-8-400x600.jpg, 549.000₫,0,0,0,0,0,0,0,0
Áo nỉ nam ANHTK208, https://360boutique.vn/wp-content/uploads/2021/12/ANHTK208-1-400x600.jpg, 380.000₫,0,0,0,0,0,0,0,0
Áo nỉ nam ANHTK207, https://360boutique.vn/wp-content/uploads/2021/12/ANHTK207-1-400x600.jpg, 389.000₫,0,0,0,0,0,0,0,0
Áo nỉ nam ANHTK116, https://360boutique.vn/wp-content/uploads/2021/12/ANHTK116-12-400x600.jpg, 350.000₫,0,0,0,0,0,0,0,0
Áo len nam ALECN205, https://360boutique.vn/wp-content/uploads/2021/12/ALECN205-1-400x600.jpg, 480.000₫,0,0,0,0,0,0,0,0
Áo len nam ALECN204, https://360boutique.vn/wp-content/uploads/2021/12/ALECN204-7-400x600.jpg, 489.000₫,0,0,0,0,0,0,0,0
Áo khoác nam AKHTK204, https://360boutique.vn/wp-content/uploads/2021/12/AKHTK204-1-400x600.jpg, 999.000₫,0,0,0,0,0,1,0,0
Áo khoác nam AKHTK203, https://360boutique.vn/wp-content/uploads/2021/12/AKHTK203-9-400x600.jpg, 850.000₫,0,0,0,0,0,1,0,0
Áo khoác nam AKHTK202, https://360boutique.vn/wp-content/uploads/2021/12/AKHTK202-18-400x600.jpg, 1.050.000₫,0,0,0,0,0,1,0,0
Áo khoác nam AKHCN147, https://360boutique.vn/wp-content/uploads/2021/12/AKHCN147-1-400x600.jpg, 1.250.000₫,0,0,0,0,0,1,0,0
Áo khoác nam AKHCN146, https://360boutique.vn/wp-content/uploads/2021/12/AKHCN146-1-400x600.jpg, 1.250.000₫,0,0,0,0,0,1,0,0
Áo hoodie nam AHHTK207, https://360boutique.vn/wp-content/uploads/2021/12/AHHTK207-1-400x600.jpg, 499.000₫,0,0,0,0,0,0,0,1
Áo hoodie nam AHHTK206, https://360boutique.vn/wp-content/uploads/2021/12/AHHTK206-12-400x600.jpg, 480.000₫,0,0,0,0,0,0,0,1
Áo khoác nam ADLTK205, https://360boutique.vn/wp-content/uploads/2021/12/ADLTK205-9-400x600.jpg, 1.099.000₫,0,0,0,0,0,1,0,0
Áo khoác nam ADLTK204, https://360boutique.vn/wp-content/uploads/2021/12/ADLTK204-1-400x600.jpg, 899.000₫,0,0,0,0,0,1,0,0
Quần âu nam QABTK208, https://360boutique.vn/wp-content/uploads/2021/12/QABTK208-1-400x600.jpg, 419.000₫,1,0,0,1,0,0,0,0
Áo nỉ nam ANTTK201, https://360boutique.vn/wp-content/uploads/2021/12/ANTTK201-7-400x600.jpg, 340.000₫,0,0,0,0,0,0,0,0
Áo nỉ nam ANHTK133, https://360boutique.vn/wp-content/uploads/2021/12/ANHTK133-8-400x600.jpg, 390.000₫,0,0,0,0,0,0,0,0
Áo len nam ALETK201, https://360boutique.vn/wp-content/uploads/2021/12/ALETK201-4-400x600.jpg, 340.000₫,0,0,0,0,0,0,0,0
Áo khoác nam AKHCN145, https://360boutique.vn/wp-content/uploads/2021/12/AKHCN145-1-400x600.jpg, 950.000₫,0,0,0,0,0,1,0,0
Áo khoác nam ADLTK202, https://360boutique.vn/wp-content/uploads/2021/12/ADLTK202-1-400x600.jpg, 829.000₫,0,0,0,0,0,1,0,0
Áo hoodie nam ANHTK205, https://360boutique.vn/wp-content/uploads/2021/11/ANHTK205-10-400x600.jpg, 390.000₫,0,0,0,0,0,0,0,1
Áo hoodie nam AHHTK205, https://360boutique.vn/wp-content/uploads/2021/11/AHHTK205-8-400x600.jpg, 480.000₫,0,0,0,0,0,0,0,1
Áo hoodie nam AHHTK204, https://360boutique.vn/wp-content/uploads/2021/11/AHHTK204-14-400x600.jpg, 460.000₫,0,0,0,0,0,0,0,1
Áo hoodie nam AHHTK201, https://360boutique.vn/wp-content/uploads/2021/11/AHHTK201-9-400x600.jpg, 480.000₫,0,0,0,0,0,0,0,1
Áo khoác nam ADLTK203, https://360boutique.vn/wp-content/uploads/2021/11/ADLTK203-2-400x600.jpg, 849.000₫,0,0,0,0,0,1,0,0
Áo khoác nam ADLTK201, https://360boutique.vn/wp-content/uploads/2021/11/ADLTK201-1-400x600.jpg, 829.000₫,0,0,0,0,0,1,0,0
Quần jogger nam QGNTK204, https://360boutique.vn/wp-content/uploads/2021/11/QGNTK204-1-400x600.jpg, 390.000₫,1,1,0,0,0,0,0,0
QUẦN jogger nam QGNTK201, https://360boutique.vn/wp-content/uploads/2021/11/QGNTK201-1-400x600.jpg, 450.000₫,1,1,0,0,0,0,0,0
Quần âu nam QASTK204, https://360boutique.vn/wp-content/uploads/2021/11/QASTK204-1-400x600.jpg, 380.000₫,1,0,0,1,0,0,0,0
Áo sơ mi nam SDKTK251, https://360boutique.vn/wp-content/uploads/2021/11/SDKTK251-7-400x600.jpg, 450.000₫,0,0,0,0,0,0,1,0
Áo khoác nam KNMTK201, https://360boutique.vn/wp-content/uploads/2021/11/KNMTK201-1-400x600.jpg, 490.000₫,0,0,0,0,0,1,0,0
Áo thun dài tay ATDTK202, https://360boutique.vn/wp-content/uploads/2021/11/ATDTK202-13-400x600.jpg, 299.000₫,0,0,0,0,1,0,0,0
Áo nỉ nam ANHTK206, https://360boutique.vn/wp-content/uploads/2021/11/ANHTK206-7-400x600.jpg, 419.000₫,0,0,0,0,0,0,0,0
Áo len nam ALECN203, https://360boutique.vn/wp-content/uploads/2021/11/ALECN203-1-400x600.jpg, 419.000₫,0,0,0,0,0,0,0,0
Áo len nam ALECN202, https://360boutique.vn/wp-content/uploads/2021/11/ALECN202-1-400x600.jpg, 479.000₫,0,0,0,0,0,0,0,0
Áo len nam ALECN201, https://360boutique.vn/wp-content/uploads/2021/11/ALECN201-1-400x600.jpg, 449.000₫,0,0,0,0,0,0,0,0
Áo khoác nam AKHTK201, https://360boutique.vn/wp-content/uploads/2021/11/AKHTK201-17-400x600.jpg, 850.000₫,0,0,0,0,0,1,0,0
Áo hoodie nam AHHTK202, https://360boutique.vn/wp-content/uploads/2021/11/AHHTK202-15-400x600.jpg, 480.000₫,0,0,0,0,0,0,0,1
Quần jeans nam QJDTK224, https://360boutique.vn/wp-content/uploads/2021/10/QJDTK224-1-400x600.jpg, 490.000₫,1,0,1,0,0,0,0,0
Quần jeans nam QJDTK223, https://360boutique.vn/wp-content/uploads/2021/10/QJDTK223-1-400x600.jpg, 480.000₫,1,0,1,0,0,0,0,0
Quần jeans nam QJDTK222, https://360boutique.vn/wp-content/uploads/2021/10/QJDTK222-1-400x600.jpg, 520.000₫,1,0,1,0,0,0,0,0
Quần jeans nam QJDTK221, https://360boutique.vn/wp-content/uploads/2021/10/QJDTK221-1-400x600.jpg, 390.000₫,1,0,1,0,0,0,0,0
Quần jeans nam QJDTK219, https://360boutique.vn/wp-content/uploads/2021/10/QJDTK219-4-400x600.jpg, 499.000₫,1,0,1,0,0,0,0,0
Quần jeans nam QJDTK220, https://360boutique.vn/wp-content/uploads/2021/10/QJDTK220-1-400x600.jpg, 550.000₫,1,0,1,0,0,0,0,0
Quần jeans nam QJDTK218, https://360boutique.vn/wp-content/uploads/2021/10/QJDTK218-1-400x600.jpg, 380.000₫,1,0,1,0,0,0,0,0
Quần jeans nam QJDTK217, https://360boutique.vn/wp-content/uploads/2021/10/QJDTK217-1-400x600.jpg, 380.000₫,1,0,1,0,0,0,0,0
QUẦN jogger nam QGGTK202, https://360boutique.vn/wp-content/uploads/2021/10/QGGTK202-3-400x600.jpg, 360.000₫,1,1,0,0,0,0,0,0
Áo len nam CARCN201, https://360boutique.vn/wp-content/uploads/2021/10/CARCN201-15-400x600.jpg, 580.000₫,0,0,0,0,0,0,0,0
Áo thun dài tay ATDTK201, https://360boutique.vn/wp-content/uploads/2021/10/ATDTK201-3-400x600.jpg, 299.000₫,0,0,0,0,1,0,0,0
Áo nỉ nam ANTTK217, https://360boutique.vn/wp-content/uploads/2021/10/ANTTK217-3-400x600.jpg, 399.000₫,0,0,0,0,0,0,0,0
Áo nỉ nam ANTTK204, https://360boutique.vn/wp-content/uploads/2021/10/ANTTK204-3-400x600.jpg, 320.000₫,0,0,0,0,0,0,0,0
Áo nỉ nam ANTTK203, https://360boutique.vn/wp-content/uploads/2021/10/ANTTK203-3-400x600.jpg, 399.000₫,0,0,0,0,0,0,0,0
Áo khoác nam AKHCN205, https://360boutique.vn/wp-content/uploads/2021/10/AKHCN205-4-400x600.jpg, 560.000₫,0,0,0,0,0,1,0,0
Áo khoác nam AKHCN204, https://360boutique.vn/wp-content/uploads/2021/10/AKHCN204-10-400x600.jpg, 629.000₫,0,0,0,0,0,1,0,0
Áo khoác nam AKHCN203, https://360boutique.vn/wp-content/uploads/2021/10/AKHCN203-10-400x600.jpg, 520.000₫,0,0,0,0,0,1,0,0
Áo khoác nam AKBCN203, https://360boutique.vn/wp-content/uploads/2021/10/AKBCN203-3-400x600.jpg, 620.000₫,0,0,0,0,0,1,0,0
Áo khoác nam AKBCN202, https://360boutique.vn/wp-content/uploads/2021/10/AKBCN202-6-400x600.jpg, 680.000₫,0,0,0,0,0,1,0,0
Áo khoác nam AKBCN201, https://360boutique.vn/wp-content/uploads/2021/10/AKBCN201-5-400x600.jpg, 620.000₫,0,0,0,0,0,1,0,0
Áo sơ mi nam STDTK249, https://360boutique.vn/wp-content/uploads/2021/10/STDTK249-11-400x600.jpg, 450.000₫,0,0,0,0,0,0,1,0
Áo sơ mi nam SKDTK257, https://360boutique.vn/wp-content/uploads/2021/10/SKDTK257-1-400x600.jpg, 480.000₫,0,0,0,0,0,0,1,0
Áo sơ mi nam SKDTK241, https://360boutique.vn/wp-content/uploads/2021/10/SKDTK241-19-400x600.jpg, 480.000₫,0,0,0,0,0,0,1,0
Áo khoác nam KNMTK204, https://360boutique.vn/wp-content/uploads/2021/10/KNMTK204-16-400x600.jpg, 450.000₫,0,0,0,0,0,1,0,0
Áo thun dài tay ATDTK204, https://360boutique.vn/wp-content/uploads/2021/10/ATDTK204-17-400x600.jpg, 289.000₫,0,0,0,0,1,0,0,0
Áo thun dài tay ATDTK203, https://360boutique.vn/wp-content/uploads/2021/10/ATDTK203-34-400x600.jpg, 289.000₫,0,0,0,0,1,0,0,0
Áo khoác nam AKHCN202, https://360boutique.vn/wp-content/uploads/2021/10/AKHCN202-1-400x600.jpg, 699.000₫,0,0,0,0,0,1,0,0
Áo khoác nam AKHCN201, https://360boutique.vn/wp-content/uploads/2021/10/AKHCN201-1-400x600.jpg, 699.000₫,0,0,0,0,0,1,0,0
Áo khoác nam AKHCN143, https://360boutique.vn/wp-content/uploads/2021/10/AKHCN143-1-400x600.jpg, 990.000₫,0,0,0,0,0,1,0,0
Áo thun dài tay ATDTK105, https://360boutique.vn/wp-content/uploads/2021/10/ATDTK105-9-400x600.jpg, 250.000₫,0,0,0,0,1,0,0,0
ÁO KHOÁC NAM GHMTK101, https://360boutique.vn/wp-content/uploads/2021/10/GHMTK101-1-400x600.jpg, 550.000₫,0,0,0,0,0,1,0,0
ÁO KHOÁC NAM GHMCN106, https://360boutique.vn/wp-content/uploads/2021/10/GHMCN106-5-400x600.jpg, 750.000₫,0,0,0,0,0,1,0,0
ÁO KHOÁC NAM ADLCN102, https://360boutique.vn/wp-content/uploads/2021/10/ADLCN102-2-2-400x600.jpg, 780.000₫,0,0,0,0,0,1,0,0
ÁO KHOÁC NAM ADLTK102, https://360boutique.vn/wp-content/uploads/2021/10/ADLTK102-5-4-400x600.jpg, 729.000₫,0,0,0,0,0,1,0,0
ÁO KHOÁC NAM ADLTK101, https://360boutique.vn/wp-content/uploads/2021/10/ADLTK101-1-400x600.jpg, 729.000₫,0,0,0,0,0,1,0,0
Áo nỉ nam ANHTK122, https://360boutique.vn/wp-content/uploads/2021/10/ANHTK122-400x600.jpg, 350.000₫,0,0,0,0,0,0,0,0
Áo nỉ nam ANHTK132, https://360boutique.vn/wp-content/uploads/2021/10/ANHTK132-2-400x600.jpg, 380.000₫,0,0,0,0,0,0,0,0
Áo nỉ nam ANHTK136, https://360boutique.vn/wp-content/uploads/2021/10/ANHTK136-2-400x600.jpg, 370.000₫,0,0,0,0,0,0,0,0
Áo len nam ALECN116, https://360boutique.vn/wp-content/uploads/2021/10/ALECN116-1-400x600.jpg, 479.000₫,0,0,0,0,0,0,0,0
Áo len nam ALETK107, https://360boutique.vn/wp-content/uploads/2021/10/ALETK107-5-400x600.jpg, 359.000₫,0,0,0,0,0,0,0,0
Áo len nam ALETK106, https://360boutique.vn/wp-content/uploads/2021/10/ALETK106-1-400x600.jpg, 289.000₫,0,0,0,0,0,0,0,0
Áo len nam ALETK105, https://360boutique.vn/wp-content/uploads/2021/10/ALETK105-1-400x600.jpg, 389.000₫,0,0,0,0,0,0,0,0
Áo len nam ALETK101, https://360boutique.vn/wp-content/uploads/2021/10/ALETK101-3-400x600.jpg, 429.000₫,0,0,0,0,0,0,0,0
Áo len nam ALETK103, https://360boutique.vn/wp-content/uploads/2021/10/ALETK103-13-400x600.jpg, 269.000₫,0,0,0,0,0,0,0,0
Áo len nam ALETK102, https://360boutique.vn/wp-content/uploads/2021/10/ALETK102-2-400x600.jpg, 269.000₫,0,0,0,0,0,0,0,0
Áo sơ mi nam STDTK246, https://360boutique.vn/wp-content/uploads/2021/10/STDTK246-QLKTK203-1-400x600.jpg, 379.000₫,0,0,0,0,0,0,1,0
Áo sơ mi nam STDTK245, https://360boutique.vn/wp-content/uploads/2021/10/STDTK245-QACTK203-1-400x600.jpg, 399.000₫,0,0,0,0,0,0,1,0
Áo sơ mi nam STDTK243, https://360boutique.vn/wp-content/uploads/2021/10/STDTK243-QACTK203-1-400x600.jpg, 379.000₫,0,0,0,0,0,0,1,0
Áo sơ mi nam STDTK240, https://360boutique.vn/wp-content/uploads/2021/10/STDTK240-QACTK203-1-400x600.jpg, 379.000₫,0,0,0,0,0,0,1,0
Áo sơ mi nam STDTK239, https://360boutique.vn/wp-content/uploads/2021/10/STDTK239-QACTK203-5-400x600.jpg, 389.000₫,0,0,0,0,0,0,1,0
Áo sơ mi nam STDTK237, https://360boutique.vn/wp-content/uploads/2021/10/STDTK237-QACTK203-1-400x600.jpg, 380.000₫,0,0,0,0,0,0,1,0
Áo sơ mi nam STDTK233, https://360boutique.vn/wp-content/uploads/2021/10/STDTK236-QLKTK203-1-400x600.jpg, 369.000₫,0,0,0,0,0,0,1,0
Áo sơ mi nam STDTK230, https://360boutique.vn/wp-content/uploads/2021/10/STDTK230-QACTK203-1-400x600.jpg, 395.000₫,0,0,0,0,0,0,1,0
Áo sơ mi nam STDTK227, https://360boutique.vn/wp-content/uploads/2021/10/STDTK227-QLKTK203-1-400x600.jpg, 420.000₫,0,0,0,0,0,0,1,0
Áo sơ mi nam SKDTK235, https://360boutique.vn/wp-content/uploads/2021/10/SKDTK235-QACTK203-1-400x600.jpg, 395.000₫,0,0,0,0,0,0,1,0
Áo nỉ nam ANTTK110, https://360boutique.vn/wp-content/uploads/2021/10/ANTTK110-1-400x600.jpg, 340.000₫,0,0,0,0,0,0,0,0
Áo nỉ nam ANHTK137, https://360boutique.vn/wp-content/uploads/2021/10/ANHTK137-1-400x600.jpg, 380.000₫,0,0,0,0,0,0,0,0
Áo nỉ nam ANHTK135, https://360boutique.vn/wp-content/uploads/2021/10/ANHTK135-4-400x600.jpg, 380.000₫,0,0,0,0,0,0,0,0
Áo nỉ nam ANMTK127, https://360boutique.vn/wp-content/uploads/2021/10/ANMTK127-4-400x600.jpg, 350.000₫,0,0,0,0,0,0,0,0
Áo nỉ nam ANHTK123, https://360boutique.vn/wp-content/uploads/2021/10/ANHTK123-5-400x600.jpg, 380.000₫,0,0,0,0,0,0,0,0
Áo nỉ nam ANHTK107, https://360boutique.vn/wp-content/uploads/2021/10/ANHTK107-1-400x600.jpg, 350.000₫,0,0,0,0,0,0,0,0
Áo len nam ALETK104, https://360boutique.vn/wp-content/uploads/2021/10/ALETK104-1-400x600.jpg, 419.000₫,0,0,0,0,0,0,0,0
Áo len nam ALECN114, https://360boutique.vn/wp-content/uploads/2021/10/ALECN114-1-400x600.jpg, 389.000₫,0,0,0,0,0,0,0,0
Áo len nam ALECN110, https://360boutique.vn/wp-content/uploads/2021/10/ALECN110-1-400x600.jpg, 389.000₫,0,0,0,0,0,0,0,0
Áo hoodie nam AHHTK116, https://360boutique.vn/wp-content/uploads/2021/09/AHHTK116-400x600.jpg, 420.000₫,0,0,0,0,0,0,0,1
Áo hoodie nam AHHTK113, https://360boutique.vn/wp-content/uploads/2021/09/AHHTK113-1-400x600.jpg, 499.000₫,0,0,0,0,0,0,0,1
Áo hoodie nam AHHTK110, https://360boutique.vn/wp-content/uploads/2021/09/AHHTK110-1-400x600.jpg, 450.000₫,0,0,0,0,0,0,0,1
Áo hoodie nam AHHTK107, https://360boutique.vn/wp-content/uploads/2021/09/AHHTK107-1-400x600.jpg, 499.000₫,0,0,0,0,0,0,0,1
Áo hoodie nam AHHTK102, https://360boutique.vn/wp-content/uploads/2021/09/AHHTK102-1-400x600.jpg, 480.000₫,0,0,0,0,0,0,0,1
Áo len nam CARCN105, https://360boutique.vn/wp-content/uploads/2021/09/CARCN105-3-400x600.jpg, 489.000₫,0,0,0,0,0,0,0,0
ÁO NI NAM ANMTK111, https://360boutique.vn/wp-content/uploads/2021/09/ANMTK111-3-400x600.jpg, 360.000₫,0,0,0,0,0,0,0,0
Áo phông nam APHTK276, https://360boutique.vn/wp-content/uploads/2021/08/APHTK276-QKBTK201-4-400x600.jpg, 279.000₫,0,0,0,0,1,0,0,0
Áo phông nam APHTK269, https://360boutique.vn/wp-content/uploads/2021/08/APHTK269-QJDTK208-1-400x535.jpg, 279.000₫,0,0,0,0,1,0,0,0
Áo phông nam APHTK268, https://360boutique.vn/wp-content/uploads/2021/08/APHTK268-QJDTK212-2-400x600.jpg, 279.000₫,0,0,0,0,1,0,0,0
Áo phông nam APHTK267, https://360boutique.vn/wp-content/uploads/2021/08/APHTK267-QSKTK202-1-400x535.jpg, 279.000₫,0,0,0,0,1,0,0,0
Áo phông nam APHTK263, https://360boutique.vn/wp-content/uploads/2021/08/APHTK263-QSKTK208-1-400x600.jpg, 279.000₫,0,0,0,0,1,0,0,0
Áo phông nam APTTK252, https://360boutique.vn/wp-content/uploads/2021/08/APMTK252-QSJCN203-1-400x600.jpg, 340.000₫,0,0,0,0,1,0,0,0
Áo phông nam ABLTK203, https://360boutique.vn/wp-content/uploads/2021/08/ABLTK203-QSJCN203-4-400x600.jpg, 199.000₫,0,0,0,0,1,0,0,0
QUẦN KAKI NAM QKLTK203, https://360boutique.vn/wp-content/uploads/2021/07/QLKTK203-1-400x600.jpg, 380.000₫,1,0,0,0,0,0,0,0
Quần jeans nam QJDTK216, https://360boutique.vn/wp-content/uploads/2021/07/QJDTK216-2-400x600.jpg, 520.000₫,1,0,1,0,0,0,0,0
Áo phông nam APTTK284, https://360boutique.vn/wp-content/uploads/2021/07/APTTK284-QLKTK203-1-400x600.jpg, 289.000₫,0,0,0,0,1,0,0,0
Áo phông nam APTTK241, https://360boutique.vn/wp-content/uploads/2021/07/APTTK241-QLKTK203-1-400x600.jpg, 249.000₫,0,0,0,0,1,0,0,0
Áo phông nam APMTK249, https://360boutique.vn/wp-content/uploads/2021/07/APMTK249-QSKTK203-1-400x600.jpg, 285.000₫,0,0,0,0,1,0,0,0
Áo phông nam APMTK248, https://360boutique.vn/wp-content/uploads/2021/07/APMTK248-QSKTK202-1-400x600.jpg, 279.000₫,0,0,0,0,1,0,0,0
Áo phông nam APTTK257, https://360boutique.vn/wp-content/uploads/2021/06/APHTK257-QLKTK203-10-400x600.jpg, 289.000₫,0,0,0,0,1,0,0,0
Áo phông nam APTTK256, https://360boutique.vn/wp-content/uploads/2021/06/APHTK256-QLKTK203-1-400x600.jpg, 249.000₫,0,0,0,0,1,0,0,0
Áo sơ mi nam STDTK232, https://360boutique.vn/wp-content/uploads/2021/06/STDTK232-QACTK203-8-400x600.jpg, 350.000₫,0,0,0,0,0,0,1,0
Áo sơ mi nam SKDTK229, https://360boutique.vn/wp-content/uploads/2021/06/SKDTK229-QACTK203-1-400x600.jpg, 399.000₫,0,0,0,0,0,0,1,0
Áo phông nam APTTK266, https://360boutique.vn/wp-content/uploads/2021/06/APTTK266-QSJCN202-1-400x600.jpg, 199.000₫,0,0,0,0,1,0,0,0
Áo phông nam APHTK261, https://360boutique.vn/wp-content/uploads/2021/06/aphtk261-QBKTK201-8-400x600.jpg, 279.000₫,0,0,0,0,1,0,0,0
Áo phông nam APHTK255, https://360boutique.vn/wp-content/uploads/2021/06/APHTK255-15-400x600.jpg, 285.000₫,0,0,0,0,1,0,0,0
Quần jeans nam QJDTK211, https://360boutique.vn/wp-content/uploads/2021/05/QJDTK211-1-400x600.jpg, 395.000₫,1,0,1,0,0,0,0,0
Áo sơ mi nam SHDTK231, https://360boutique.vn/wp-content/uploads/2021/05/STDTK231-1-400x600.jpg, 419.000₫,0,0,0,0,0,0,1,0
Áo sơ mi nam STDTK226, https://360boutique.vn/wp-content/uploads/2021/05/STDTK226-1-400x600.jpg, 399.000₫,0,0,0,0,0,0,1,0
Áo sơ mi nam họa tiết SHNTK219-6, https://360boutique.vn/wp-content/uploads/2021/05/SHNTK219-6-1-400x600.jpg, 280.000₫,0,0,0,0,0,0,1,0
Áo sơ mi nam họa tiết SHNTK219-4, https://360boutique.vn/wp-content/uploads/2021/05/SHNTK219-4-1-400x600.jpg, 280.000₫,0,0,0,0,0,0,1,0
Áo sơ mi nam họa tiết SHNTK219-3, https://360boutique.vn/wp-content/uploads/2021/05/SHNTK219-3-1-400x600.jpg, 280.000₫,0,0,0,0,0,0,1,0
Áo sơ mi nam họa tiết SHNTK219-1, https://360boutique.vn/wp-content/uploads/2021/05/SHNTK219-1-1-400x600.jpg, 280.000₫,0,0,0,0,0,0,1,0
Áo polo nam POMTK222, https://360boutique.vn/wp-content/uploads/2021/05/POMTK222-1-400x600.jpg, 339.000₫,0,0,0,0,1,0,0,0
Áo polo nam POKTK229, https://360boutique.vn/wp-content/uploads/2021/05/POKTK229-1-400x600.jpg, 340.000₫,0,0,0,0,1,0,0,0
Áo polo nam POHTK240, https://360boutique.vn/wp-content/uploads/2021/05/POHTK240-1-400x600.jpg, 360.000₫,0,0,0,0,1,0,0,0
Áo polo nam POHTK227, https://360boutique.vn/wp-content/uploads/2021/05/POHTK227-8-400x600.jpg, 369.000₫,0,0,0,0,1,0,0,0
Áo polo nam POHTK226, https://360boutique.vn/wp-content/uploads/2021/05/POHTK226-1-400x600.jpg, 369.000₫,0,0,0,0,1,0,0,0
Giày nam GIACN226, https://360boutique.vn/wp-content/uploads/2021/05/GIACN226-1-400x600.jpg, 750.000₫,2,0,0,0,0,0,0,0
Giày nam GIACN225, https://360boutique.vn/wp-content/uploads/2021/05/GIACN225-5-400x600.jpg, 950.000₫,2,0,0,0,0,0,0,0
Giày nam GIACN224, https://360boutique.vn/wp-content/uploads/2021/05/GIACN224-1-400x600.jpg, 820.000₫,2,0,0,0,0,0,0,0
Giày nam GIACN223, https://360boutique.vn/wp-content/uploads/2021/05/GIACN223-1-400x600.jpg, 690.000₫,2,0,0,0,0,0,0,0
Giày nam GIACN222, https://360boutique.vn/wp-content/uploads/2021/05/GIACN222-1-400x600.jpg, 750.000₫,2,0,0,0,0,0,0,0
Giày nam GIACN221, https://360boutique.vn/wp-content/uploads/2021/05/GIACN221-1-400x600.jpg, 690.000₫,2,0,0,0,0,0,0,0
Giày nam GIACN220, https://360boutique.vn/wp-content/uploads/2021/05/GIACN220-1-400x600.jpg, 690.000₫,2,0,0,0,0,0,0,0
Giày nam GIACN219, https://360boutique.vn/wp-content/uploads/2021/05/GIACN219-5-400x600.jpg, 550.000₫,2,0,0,0,0,0,0,0
Giày nam GIACN218, https://360boutique.vn/wp-content/uploads/2021/05/GIACN218-1-400x600.jpg, 550.000₫,2,0,0,0,0,0,0,0
Giày nam GIACN217, https://360boutique.vn/wp-content/uploads/2021/05/GIACN217-1-400x600.jpg, 340.000₫,2,0,0,0,0,0,0,0
Giày nam GIACN216, https://360boutique.vn/wp-content/uploads/2021/05/GIACN216-1-400x600.jpg, 690.000₫,2,0,0,0,0,0,0,0
Giày nam GIACN215, https://360boutique.vn/wp-content/uploads/2021/05/GIACN215-1-400x600.jpg, 690.000₫,2,0,0,0,0,0,0,0
Giày nam GIACN214, https://360boutique.vn/wp-content/uploads/2021/05/GIACN214-1-400x600.jpg, 690.000₫,2,0,0,0,0,0,0,0
Giày nam GIACN213, https://360boutique.vn/wp-content/uploads/2021/05/GIACN213-1-400x600.jpg, 690.000₫,2,0,0,0,0,0,0,0
Áo phông nam APHTK253, https://360boutique.vn/wp-content/uploads/2021/05/APHTK253-8-400x600.jpg, 360.000₫,0,0,0,0,1,0,0,0
Áo phông nam APHTK264, https://360boutique.vn/wp-content/uploads/2021/05/APHTK264-13-400x600.jpg, 289.000₫,0,0,0,0,1,0,0,0
Áo phông nam APHTK233, https://360boutique.vn/wp-content/uploads/2021/05/APHTK233-1-400x600.jpg, 250.000₫,0,0,0,0,1,0,0,0
Áo phông nam ABLTK201, https://360boutique.vn/wp-content/uploads/2021/05/ABLTK201-1-400x600.jpg, 220.000₫,0,0,0,0,1,0,0,0
Áo phông nam APTTK247, https://360boutique.vn/wp-content/uploads/2021/05/APTTK247-10-400x600.jpg, 279.000₫,0,0,0,0,1,0,0,0
Áo polo nam POMTK204, https://360boutique.vn/wp-content/uploads/2021/05/POMTK204-1-400x600.jpg, 340.000₫,0,0,0,0,1,0,0,0
Áo phông nam APHTK258, https://360boutique.vn/wp-content/uploads/2021/05/APHTK258-8-400x600.jpg, 279.000₫,0,0,0,0,1,0,0,0
Áo phông nam APHTK237, https://360boutique.vn/wp-content/uploads/2021/05/APHTK237-1-400x600.jpg, 350.000₫,0,0,0,0,1,0,0,0
Áo sơ mi nam họa tiết SHNTK219-7, https://360boutique.vn/wp-content/uploads/2021/05/SHNTK219-7-1-400x600.jpg, 280.000₫,0,0,0,0,0,0,1,0
Áo sơ mi nam họa tiết SHNTK218-2, https://360boutique.vn/wp-content/uploads/2021/05/SHNTK218-2-1-2-400x600.jpg, 299.000₫,0,0,0,0,0,0,1,0
Áo sơ mi nam họa tiết SHNTK218-6, https://360boutique.vn/wp-content/uploads/2021/04/SHNTK218-6-1-1-400x600.jpg, 280.000₫,0,0,0,0,0,0,1,0
Áo sơ mi nam họa tiết SHNTK218-4, https://360boutique.vn/wp-content/uploads/2021/04/SHNTK218-4-1-1-400x600.jpg, 280.000₫,0,0,0,0,0,0,1,0
Áo sơ mi nam họa tiết SHNTK218-1, https://360boutique.vn/wp-content/uploads/2021/04/SHNTK218-1-1-1-400x600.jpg, 299.000₫,0,0,0,0,0,0,1,0
Áo sơ mi nam họa tiết SBDTK218-10, https://360boutique.vn/wp-content/uploads/2021/04/SDBTK218-10-5-400x600.jpg, 299.000₫,0,0,0,0,0,0,1,0
Áo sơ mi nam họa tiết SBDTK218-7, https://360boutique.vn/wp-content/uploads/2021/04/SDBTK218-7-1-1-400x600.jpg, 299.000₫,0,0,0,0,0,0,1,0
Áo sơ mi nam họa tiết SBDTK218-5, https://360boutique.vn/wp-content/uploads/2021/04/SDBTK218-5-1-1-400x600.jpg, 280.000₫,0,0,0,0,0,0,1,0
Áo sơ mi nam STDTK210, https://360boutique.vn/wp-content/uploads/2021/05/STDTK210-1-400x600.jpg, 450.000₫,0,0,0,0,0,0,1,0
Áo sơ mi nam STDTK209, https://360boutique.vn/wp-content/uploads/2021/05/STDTK209-1-400x600.jpg, 390.000₫,0,0,0,0,0,0,1,0
Áo sơ mi họa tiết nam SHNTK234, https://360boutique.vn/wp-content/uploads/2021/05/SHNTK234-1-1-400x600.jpg, 320.000₫,0,0,0,0,0,0,1,0
Quần jeans nam QJDTK213, https://360boutique.vn/wp-content/uploads/2021/05/QJDTK213-400x600.jpg, 390.000₫,1,0,1,0,0,0,0,0
Quần jeans nam QJDTK212, https://360boutique.vn/wp-content/uploads/2021/05/QJDTK212-400x600.jpg, 390.000₫,1,0,1,0,0,0,0,0
Áo sơ mi nam STNTK217, https://360boutique.vn/wp-content/uploads/2021/04/STNTK217-1-400x600.jpg, 350.000₫,0,0,0,0,0,0,1,0
Áo sơ mi nam SHDTK221, https://360boutique.vn/wp-content/uploads/2021/04/SHDTK221-6-400x600.jpg, 360.000₫,0,0,0,0,0,0,1,0
Áo sơ mi nam SHDTK220, https://360boutique.vn/wp-content/uploads/2021/04/SHDTK220-4-400x600.jpg, 380.000₫,0,0,0,0,0,0,1,0
Quần short nam QSVTK206, https://360boutique.vn/wp-content/uploads/2021/04/QSVTK206-1-400x600.jpg, 299.000₫,1,0,0,0,0,0,0,0
QUẦN KAKI NAM QKBTK202, https://360boutique.vn/wp-content/uploads/2021/04/QKBTK202-1-400x600.jpg, 390.000₫,1,0,0,0,0,0,0,0
QUẦN ÂU NAM QACTK203, https://360boutique.vn/wp-content/uploads/2021/04/QACTK203-1-400x600.jpg, 380.000₫,1,0,0,1,0,0,0,0
Áo phông nam APMTK254, https://360boutique.vn/wp-content/uploads/2021/04/APMTK254-1-400x600.jpg, 350.000₫,0,0,0,0,1,0,0,0
Áo phông nam APHTK240, https://360boutique.vn/wp-content/uploads/2021/04/APHTK240-5-1-400x600.jpg, 350.000₫,0,0,0,0,1,0,0,0
Áo phông nam APHTK230, https://360boutique.vn/wp-content/uploads/2021/04/APHTK230-5-400x600.jpg, 270.000₫,0,0,0,0,1,0,0,0
Giày nam GIACN212, https://360boutique.vn/wp-content/uploads/2021/04/GIACN212-1-400x600.jpg, 720.000₫,2,0,0,0,0,0,0,0
Giày nam GIACN211, https://360boutique.vn/wp-content/uploads/2021/04/GIACN211-1-400x600.jpg, 690.000₫,2,0,0,0,0,0,0,0
Giày nam GIACN210, https://360boutique.vn/wp-content/uploads/2021/04/GIACN210-1-400x600.jpg, 890.000₫,2,0,0,0,0,0,0,0
Giày nam GIACN209, https://360boutique.vn/wp-content/uploads/2021/04/GIACN209-1-400x600.jpg, 820.000₫,2,0,0,0,0,0,0,0
Giày nam GIACN208, https://360boutique.vn/wp-content/uploads/2021/04/GIACN208-1-400x600.jpg, 530.000₫,2,0,0,0,0,0,0,0
Giày nam GIACN207, https://360boutique.vn/wp-content/uploads/2021/04/GIACN207-1-400x600.jpg, 720.000₫,2,0,0,0,0,0,0,0
Giày nam GIACN206, https://360boutique.vn/wp-content/uploads/2021/04/GIACN206-1-400x600.jpg, 720.000₫,2,0,0,0,0,0,0,0
Giày nam GIACN205, https://360boutique.vn/wp-content/uploads/2021/04/GIACN205-1-400x600.jpg, 530.000₫,2,0,0,0,0,0,0,0
Giày nam GIACN204, https://360boutique.vn/wp-content/uploads/2021/04/GIACN204-1-400x600.jpg, 520.000₫,2,0,0,0,0,0,0,0
Giày nam GIACN203, https://360boutique.vn/wp-content/uploads/2021/04/GIACN203-1-400x600.jpg, 520.000₫,2,0,0,0,0,0,0,0
GIÀY NAM GIACN202, https://360boutique.vn/wp-content/uploads/2021/04/GIACN202-1-400x600.jpg, 720.000₫,2,0,0,0,0,0,0,0
GIÀY NAM GIACN201, https://360boutique.vn/wp-content/uploads/2021/04/GIACN201-1-400x600.jpg, 520.000₫,2,0,0,0,0,0,0,0
Áo phông nam APHTK238, https://360boutique.vn/wp-content/uploads/2021/04/APHTK238-4-1-400x600.jpg, 350.000₫,0,0,0,0,1,0,0,0
Áo phông nam APHTK231, https://360boutique.vn/wp-content/uploads/2021/04/APHTK231-15-400x600.jpg, 249.000₫,0,0,0,0,1,0,0,0
Áo sơ mi nam họa tiết SHNTK218-12, https://360boutique.vn/wp-content/uploads/2021/04/SHNTK218-12-1-2-400x600.jpg, 280.000₫,0,0,0,0,0,0,1,0
Áo sơ mi nam họa tiết SHNTK218-11, https://360boutique.vn/wp-content/uploads/2021/04/SHNTK218-11-1-1-400x600.jpg, 280.000₫,0,0,0,0,0,0,1,0
Áo sơ mi nam họa tiết SHNTK218-9, https://360boutique.vn/wp-content/uploads/2021/04/SHNTK218-9-1-1-400x600.jpg, 299.000₫,0,0,0,0,0,0,1,0
Áo sơ mi nam họa tiết SHNTK218-8, https://360boutique.vn/wp-content/uploads/2021/04/SHNTK218-8-2-2-400x600.jpg, 299.000₫,0,0,0,0,0,0,1,0
Áo sơ mi nam họa tiết SHNTK218-3, https://360boutique.vn/wp-content/uploads/2021/04/SHNTK218-3-1-1-400x600.jpg, 280.000₫,0,0,0,0,0,0,1,0
Áo phông nam APHTK222, https://360boutique.vn/wp-content/uploads/2021/04/APHTK222-1-2-400x600.jpg, 250.000₫,0,0,0,0,1,0,0,0
Áo polo nam POTTK214, https://360boutique.vn/wp-content/uploads/2021/04/POTTK214-1-2-400x600.jpg, 329.000₫,0,0,0,0,1,0,0,0
Áo phông nam APHTK236, https://360boutique.vn/wp-content/uploads/2021/05/APHTK236-8-400x600.jpg, 270.000₫,0,0,0,0,1,0,0,0
Áo phông nam APHTK220, https://360boutique.vn/wp-content/uploads/2021/04/APHTK220-1-1-400x600.jpg, 245.000₫,0,0,0,0,1,0,0,0
Áo sơ mi nam STDTK211, https://360boutique.vn/wp-content/uploads/2021/03/STDTK211-5-400x600.jpg, 380.000₫,0,0,0,0,0,0,1,0
GIÀY NAM GIACN137, https://360boutique.vn/wp-content/uploads/2021/03/GIACN137-1-400x600.jpg, 520.000₫,2,0,0,0,0,0,0,0
ÁO SƠ MI NAM SKDTK203, https://360boutique.vn/wp-content/uploads/2021/03/SKDTK203-400x600.jpg, 419.000₫,0,0,0,0,0,0,1,0
QUẦN KAKI NAM QKKTK101, https://360boutique.vn/wp-content/uploads/2021/03/QKKTK101-3-400x600.jpg, 360.000₫,1,0,0,0,0,0,0,0
QUẦN JOGGER KAKI NAM QGGTK104, https://360boutique.vn/wp-content/uploads/2021/03/QGGTK104-1-400x600.jpg, 329.000₫,1,1,0,0,0,0,0,0
QUẦN KAKI NAM QBKTK201, https://360boutique.vn/wp-content/uploads/2021/03/QBKTK201-1-1-400x600.jpg, 379.000₫,1,0,0,0,0,0,0,0
ÁO PHÔNG NAM APHTK215, https://360boutique.vn/wp-content/uploads/2021/03/APHTK215-400x600.jpg, 215.000₫,0,0,0,0,1,0,0,0
ÁO SƠ MI NAM STDTK208, https://360boutique.vn/wp-content/uploads/2021/03/STDTK208-19-400x600.jpg, 380.000₫,0,0,0,0,0,0,1,0
ÁO SƠ MI NAM STDTK206, https://360boutique.vn/wp-content/uploads/2021/02/STDTK206-400x600.jpg, 395.000₫,0,0,0,0,0,0,1,0
ÁO SƠ MI NAM STDTK205, https://360boutique.vn/wp-content/uploads/2021/02/STDTK205-1-400x600.jpg, 419.000₫,0,0,0,0,0,0,1,0
ÁO SƠ MI NAM STDTK204, https://360boutique.vn/wp-content/uploads/2021/02/STDTK204-3-400x600.jpg, 425.000₫,0,0,0,0,0,0,1,0
ÁO SƠ MI NAM STDTK201, https://360boutique.vn/wp-content/uploads/2021/02/STDTK201-1-400x600.jpg, 419.000₫,0,0,0,0,0,0,1,0
QUẦN JEANS NAM QJDTK202, https://360boutique.vn/wp-content/uploads/2021/02/QJDTK202-400x600.jpg, 450.000₫,1,0,1,0,0,0,0,0
ÁO PHÔNG NAM APHTK201, https://360boutique.vn/wp-content/uploads/2021/02/APHTK201-2-400x600.jpg, 190.000₫,0,0,0,0,1,0,0,0
ÁO PHÔNG NAM APHTK209, https://360boutique.vn/wp-content/uploads/2021/02/APHTK209-3-400x600.jpg, 219.000₫,0,0,0,0,1,0,0,0
ÁO NI NAM ANHTK128, https://360boutique.vn/wp-content/uploads/2021/01/ANHTK128-1-400x600.jpg, 385.000₫,0,0,0,0,0,0,0,0
ÁO KHOÁC NAM KNMTK102, https://360boutique.vn/wp-content/uploads/2020/12/KNMTK102-4-400x600.jpg, 399.000₫,0,0,0,0,0,1,0,0
ÁO SƠ MI NAM SDKTK110, https://360boutique.vn/wp-content/uploads/2020/11/SDKTK110-1-400x600.jpg, 450.000₫,0,0,0,0,0,0,1,0
ÁO SƠ MI NAM SDKTK109, https://360boutique.vn/wp-content/uploads/2020/11/SDKTK109-1-400x600.jpg, 450.000₫,0,0,0,0,0,0,1,0
QUẦN JOGGER NAM QGNTK105, https://360boutique.vn/wp-content/uploads/2020/11/QGNTK105-2-400x600.jpg, 290.000₫,1,1,0,0,0,0,0,0
ÁO KHOÁC NAM AKITK101, https://360boutique.vn/wp-content/uploads/2020/10/AKITK101-1-400x600.jpg, 519.000₫,0,0,0,0,0,1,0,0
ÁO THUN NAM DÀI TAY ATDTK103, https://360boutique.vn/wp-content/uploads/2020/10/ATDTK103-1-400x600.jpg, 320.000₫,0,0,0,0,1,0,0,0
ÁO THUN NAM DÀI TAY ATDTK102, https://360boutique.vn/wp-content/uploads/2020/10/ATDTK102-1-1-400x600.jpg, 320.000₫,0,0,0,0,1,0,0,0
BỘ NỈ NAM BONTK104, https://360boutique.vn/wp-content/uploads/2020/10/BONTK104-5-400x600.jpg, 490.000₫,0,0,0,0,0,0,0,0
ÁO THUN NAM DÀI TAY ATDTK101, https://360boutique.vn/wp-content/uploads/2020/10/ATDTK101-2-400x600.jpg, 280.000₫,0,0,0,0,1,0,0,0
GIÀY NAM GIACN116, https://360boutique.vn/wp-content/uploads/2020/09/GIACN116-400x600.jpg, 699.000₫,2,0,0,0,0,0,0,0
GIÀY NAM GIACN115, https://360boutique.vn/wp-content/uploads/2020/09/GIACN115-400x600.jpg, 750.000₫,2,0,0,0,0,0,0,0
GIÀY NAM GIACN113, https://360boutique.vn/wp-content/uploads/2020/09/GIACN113-400x600.jpg, 750.000₫,2,0,0,0,0,0,0,0
GIÀY NAM GIACN112, https://360boutique.vn/wp-content/uploads/2020/09/GIACN112-400x600.jpg, 720.000₫,2,0,0,0,0,0,0,0
GIÀY NAM GIACN111, https://360boutique.vn/wp-content/uploads/2020/09/GIACN111-1-400x600.jpg, 550.000₫,2,0,0,0,0,0,0,0
GIÀY NAM GIACN106, https://360boutique.vn/wp-content/uploads/2020/09/GIACN106-400x600.jpg, 650.000₫,2,0,0,0,0,0,0,0
GIÀY NAM GIACN103, https://360boutique.vn/wp-content/uploads/2020/09/GIACN103-1-400x600.jpg, 520.000₫,2,0,0,0,0,0,0,0
GIÀY NAM GIACN101, https://360boutique.vn/wp-content/uploads/2020/09/GIACN101-4-400x600.jpg, 650.000₫,2,0,0,0,0,0,0,0
ÁO PHÔNG POLO NAM APLTK023, https://360boutique.vn/wp-content/uploads/2020/08/APLTK023-1-400x600.jpg, 320.000₫,2,0,0,0,0,0,0,0
ÁO PHÔNG NAM APHTK057, https://360boutique.vn/wp-content/uploads/2020/08/APHTK057-1-400x600.jpg, 220.000₫,0,0,0,0,1,0,0,0
ÁO PHÔNG NAM APHTK056, https://360boutique.vn/wp-content/uploads/2020/08/APHTK056-1-400x600.jpg, 230.000₫,0,0,0,0,1,0,0,0
ÁO PHÔNG NAM APHTK025, https://360boutique.vn/wp-content/uploads/2020/07/APHTK025-1-400x600.jpg, 195.000₫,0,0,0,0,1,0,0,0
QUẦN SHORT NAM SKKTK010, https://360boutique.vn/wp-content/uploads/2020/07/DSC01186-400x600.jpg, 310.000₫,1,0,0,0,0,0,0,0
QUẦN SHORT NAM QSJCN011, https://360boutique.vn/wp-content/uploads/2020/07/QSJCN011-1-400x600.jpg, 399.000₫,1,0,0,0,0,0,0,0
QUẦN ÂU NAM QAUTK012, https://360boutique.vn/wp-content/uploads/2020/07/QAUTK012-1-400x600.jpg, 340.000₫,1,0,0,1,0,0,0,0
